{
  "method": "Lead-lag cross-correlation (Granger-style)",
  "bin_minutes": 15,
  "max_lag_steps": 4,
  "markets_analyzed": 124,
  "markets_with_data": 124,
  "aggregate_lag_correlations": {
    "-4": 0.024084534040252622,
    "-3": 0.039580285897985006,
    "-2": 0.04864022894395109,
    "-1": 0.05700856927363602,
    "0": 0.0889900247240601,
    "1": 0.06477537122520559,
    "2": 0.04716370723156468,
    "3": 0.03504946631310896,
    "4": 0.03026919866781681
  },
  "directional_asymmetry": 0.00776680195156957,
  "lead_mean_corr": 0.06477537122520559,
  "follow_mean_corr": 0.05700856927363602,
  "ttest_t": 0.6281985941812838,
  "ttest_p": 0.53103855277842,
  "statistical_result": "NOT SIGNIFICANT (p>=0.05): no directional lead detected",
  "pct_markets_with_lead_signal": 34.67741935483871,
  "mode3_risk": "LOW",
  "mode3_interpretation": "No clear temporal leadership pattern: suspicious wallets do NOT systematically trade before retail wallets. Directional asymmetry is only 0.008 (p=0.531). This weakens the active manipulation hypothesis (Mode 3).",
  "top_markets": [
    {
      "market": "0x7c0cea4d74ffb2c8451f8834fc9f93e72479eab3a4a98b75127940f5f60f1622",
      "lag_correlations": {
        "-4": 0.2614413931675186,
        "-3": 0.37275738782769263,
        "-2": 0.5501359453625893,
        "-1": 0.8657705417386033,
        "0": 0.9512787623692991,
        "1": 0.6816967508644293,
        "2": 0.46104423776231346,
        "3": 0.41684881592328893,
        "4": 0.25024133218770467
      },
      "peak_positive_lag": 1,
      "peak_positive_corr": 0.6816967508644293,
      "n_bins": 24,
      "susp_trades": 1356,
      "retail_trades": 644
    },
    {
      "market": "0xbc313b9d1136eada02794b4299fa04bab53da830001d73966fb9ca1e7ffbad5a",
      "lag_correlations": {
        "-4": -0.021680990335842157,
        "-3": 0.17064601615208178,
        "-2": 0.46107863300735946,
        "-1": 0.36811342320994145,
        "0": 0.5284309856522651,
        "1": 0.6482009212776325,
        "2": 0.2972181612682465,
        "3": 0.054290211036791,
        "4": -0.05906037954793052
      },
      "peak_positive_lag": 1,
      "peak_positive_corr": 0.6482009212776325,
      "n_bins": 49,
      "susp_trades": 1648,
      "retail_trades": 352
    },
    {
      "market": "0x1e6597f4cb7216d962f60555fc1c37b06bc5fed9ecda9f920e2ed70034169684",
      "lag_correlations": {
        "-4": -0.033373495370380556,
        "-3": -0.005669234939209264,
        "-2": -0.020473755007569396,
        "-1": 0.03634819255946888,
        "0": 0.01688193668605316,
        "1": 0.11265867481906512,
        "2": -0.021331531864984,
        "3": 0.5804467631253318,
        "4": -0.024990266282574558
      },
      "peak_positive_lag": 3,
      "peak_positive_corr": 0.5804467631253318,
      "n_bins": 166,
      "susp_trades": 1783,
      "retail_trades": 217
    },
    {
      "market": "0x83a36918851b6c074f1df8cd657d5cba6af1a9ba37e9ad86858b3f7fde617af2",
      "lag_correlations": {
        "-4": -0.21477692439961393,
        "-3": -0.22743705209074888,
        "-2": -0.21686929344961361,
        "-1": 0.4498554179903898,
        "0": 0.21433557362428637,
        "1": -0.11807931085911695,
        "2": 0.21025322986196643,
        "3": -0.1807932098617442,
        "4": 0.5636036025056371
      },
      "peak_positive_lag": 4,
      "peak_positive_corr": 0.5636036025056371,
      "n_bins": 16,
      "susp_trades": 67,
      "retail_trades": 2
    },
    {
      "market": "0xf4a30579c97e8607d50812def8c039fb94bac8498d2a6b8bf36f5781bd66c6c5",
      "lag_correlations": {
        "-4": -0.0230114606090801,
        "-3": -0.02275111880011502,
        "-2": -0.023163630635374383,
        "-1": -0.024109173655008614,
        "0": -0.024759996950598703,
        "1": 0.5569153218340787,
        "2": 0.1348657201410528,
        "3": -0.021410726904431097,
        "4": -0.02115963894992146
      },
      "peak_positive_lag": 1,
      "peak_positive_corr": 0.5569153218340787,
      "n_bins": 165,
      "susp_trades": 11,
      "retail_trades": 1989
    },
    {
      "market": "0x201d65793c52d5fb5a2b992813f1077a3a95f0c6daa676965ac1b49e7182eb1e",
      "lag_correlations": {
        "-4": 0.014478530764067339,
        "-3": -0.08800418944952092,
        "-2": -0.06496504383927543,
        "-1": 0.13377906542050946,
        "0": 0.3980477394543069,
        "1": 0.5554609037036199,
        "2": 0.5443490054978414,
        "3": 0.2805422756007744,
        "4": 0.2011525551005183
      },
      "peak_positive_lag": 1,
      "peak_positive_corr": 0.5554609037036199,
      "n_bins": 89,
      "susp_trades": 1270,
      "retail_trades": 730
    },
    {
      "market": "0x14197a2979391a7bb1e6918582334640f309c22c7718f824c9fa1e149302662f",
      "lag_correlations": {
        "-4": -0.011230657816565792,
        "-3": -0.014149408476573352,
        "-2": 0.007304993264981002,
        "-1": 0.2291528281344214,
        "0": 0.7568850056863105,
        "1": 0.5180998777576249,
        "2": 0.17648186122704568,
        "3": 0.1766221019275892,
        "4": 0.0912819699044948
      },
      "peak_positive_lag": 1,
      "peak_positive_corr": 0.5180998777576249,
      "n_bins": 111,
      "susp_trades": 1647,
      "retail_trades": 353
    },
    {
      "market": "0xeb0f640f8e6979495efb462bca18e491a8624c07aecd89b9cea0ba62a4164226",
      "lag_correlations": {
        "-4": -0.07281856228598936,
        "-3": 0.01805457089333242,
        "-2": 0.0019339510141353391,
        "-1": 0.007685669422966907,
        "0": -0.0024695169106587226,
        "1": 0.4328004944745179,
        "2": 0.011465863962828433,
        "3": -0.05376220545009295,
        "4": -0.026703161644836697
      },
      "peak_positive_lag": 1,
      "peak_positive_corr": 0.4328004944745179,
      "n_bins": 174,
      "susp_trades": 837,
      "retail_trades": 1163
    },
    {
      "market": "0x3f6b3dbf83c18026aec29f4fae2108ab635d683d0b4753ae44ccd7fafabc46c6",
      "lag_correlations": {
        "-4": 0.0853938673113972,
        "-3": 0.12542355743172406,
        "-2": 0.1281970384693662,
        "-1": 0.08988175523667732,
        "0": 0.2200131104469015,
        "1": 0.2152153505332591,
        "2": 0.4203730495998281,
        "3": 0.1991449967764609,
        "4": 0.319036510805082
      },
      "peak_positive_lag": 2,
      "peak_positive_corr": 0.4203730495998281,
      "n_bins": 94,
      "susp_trades": 1423,
      "retail_trades": 577
    },
    {
      "market": "0x94804ca845f8a47d7b57ded99651443836d4b7b10ee8ec6ed991b6c88eb37216",
      "lag_correlations": {
        "-4": -0.1202592884331552,
        "-3": -0.14182426325549094,
        "-2": -0.08602147104513533,
        "-1": 0.11480638483501765,
        "0": 0.40710877603486606,
        "1": 0.419093348803006,
        "2": 0.1855893565783527,
        "3": 0.0993262792770659,
        "4": 0.08043882609383587
      },
      "peak_positive_lag": 1,
      "peak_positive_corr": 0.419093348803006,
      "n_bins": 93,
      "susp_trades": 1691,
      "retail_trades": 309
    },
    {
      "market": "0x4bb6de97e799c4202ab568e696667519bc9877316367da60c852ab6b29e826b1",
      "lag_correlations": {
        "-4": -0.05665810907431159,
        "-3": 0.18254862243997383,
        "-2": 0.27796969356352424,
        "-1": 0.3448797931098463,
        "0": 0.46677560186123457,
        "1": 0.40793052601639523,
        "2": 0.20105895659234552,
        "3": 0.05604736732625566,
        "4": -0.09163346666904255
      },
      "peak_positive_lag": 1,
      "peak_positive_corr": 0.40793052601639523,
      "n_bins": 66,
      "susp_trades": 1617,
      "retail_trades": 383
    },
    {
      "market": "0xd5a91c9ee50ba80385283714f2a66b1e16d544a682af2af06a8f57fcf1d0233d",
      "lag_correlations": {
        "-4": -0.30054907745947584,
        "-3": -0.045799183703275605,
        "-2": -0.04690853919277023,
        "-1": 0.09537808684816665,
        "0": 0.16823724112863547,
        "1": 0.34199161091338887,